OG,Pven,Acal,Lhet,Aful,Ajap,Pqin,Tele,Gfla,Asoj,Vvel,Ppup,Btre,Cchi,Csol,Pvin,Lbou,Hheb,Nvit,Tdro
OG0002249,4032.840198059868,5117.918909792744,883.8539659547868,4722.605256275812,6358.833375926092,1409.747226659558,3832.921183171409,792.905114297962,9099.649720004529,141.8577887686579,7191.17829456249,74.1269623413745,1707.480567849688,56.69559790042292,943.779686056124,1168.804958014188,2750.167369680275,3032.006878179561,5593.509198000001
OG0002256,275.1501127203319,287.9043346579057,105.6133025984443,191.5899160388076,242.2239096739616,816.4227711942559,625.0949302035633,291.5725514022991,152.9845373453544,241.9962199396549,117.6532632174836,17.475890075775148,258.5733504425925,24.65991077084162,181.0076598573573,231.5872940586275,204.6839633880638,68.5182594923769,0.0
OG0002495,4240.897921787141,3683.217784271545,494.8310738372357,5033.358749353875,7983.431675460601,2547.274708989416,3765.972125468094,226.635849949476,7105.142209531404,115.4762612305639,2717.657705056167,336.33179441977666,1880.961581488334,25.75356092317857,3149.32908000329,1095.8649232613,3773.349469668369,2634.462749084209,432.124376
OG0002595,462.4702405495372,777.644836483529,96.3383776796335,423.6214966999078,411.1189037544086,1401.651315227751,557.3740701362877,68.0861309220507,236.2360883899896,156.2757415816023,384.348258675872,22.26846341178853,488.7458619345544,48.28086953666991,474.7343135278653,568.5136558592358,742.3337714710727,85.44473233544392,132.759378
OG0002817,2156.40220116731,5832.760531082882,1107.453048202345,4581.523273813316,8477.407104354756,5321.64979274804,6560.158816626838,1151.279745898396,6647.577531562169,1389.447105244659,4615.226211801606,99.24851566603824,2029.259927155273,48.10956817221363,3894.637047859267,2111.063395218502,4700.485720280943,2421.82637281628,9000.379305999999
OG0002895,3267.967175688815,6751.740722035928,1190.579347703224,5301.90370422654,9953.643284113918,2319.311585004132,4950.444668876673,300.5590567673671,7557.702116846943,1695.503506991534,6914.335189542116,171.76980172648814,3133.394256827285,9.92815466297117,3244.267981544991,2271.145232319787,5602.237019677358,3617.736925873103,6866.013326
OG0002930,132.4922143486601,118.4905168379738,107.711409560404,50.56432417408789,80.49558572558267,304.071267168186,199.3234979660759,33.07964661947461,132.78315572888835,75.0005945767769,67.08058063228083,94.72134838562307,481.3278414990025,156.3294611131871,63.52267204165525,530.7120379480328,56.29963693538025,34.7067556588777,78.05163
OG0003020,296.2951891411325,517.6807479911224,114.4981129695146,485.3427427742104,828.7139592709817,844.9042485564778,547.7598898183634,73.26074026703448,135.92859719146824,626.9316372560928,503.7527472695759,28.787438545722612,222.3044217115402,1.877843205232154,426.1813440795996,133.7383188608865,106.4400515027647,87.47451221793018,943.78026
OG0003229,3214.179072200971,3871.231638864405,465.2884408891925,2925.991454727157,4400.011022367286,2828.835762227085,3716.643355513243,286.38697543606,976.7971384611944,1696.451536409952,2176.656320815334,162.81129061446077,805.1290294325678,313.8874465577954,1362.114746633528,751.3377533727647,1655.22989941069,2256.021276103374,0.0
OG0003254,1767.205369523007,1999.720702826732,176.2130848205865,1134.196960413921,2556.182312328925,5875.851251711745,3456.049844138823,104.8732215303918,1009.2717375693146,649.7215549634551,1163.705232438833,88.74077655379199,887.2850528440536,280.5180986121038,1101.335348389029,610.688642306369,1005.221317603589,554.6957273326689,613.576514
OG0003321,23.9462757748356,55.36869555241092,13.58466356914522,55.80893954190152,137.2163681462257,151.3164438157068,40.76212975444046,21.19740576398866,29.61869702059104,14.64346590341479,53.75248533929014,5.88943172745044,52.02372190179669,0.3117227055470522,130.6129673830353,31.72560381889967,16.14303247299303,1.567098691940504,43.966698
OG0003350,72.0537915778825,2505.297327788717,115.8266423845577,99.72676980640962,112.2967645422828,105.7705616922217,126.38558143539,104.5334432755674,97.99613090984188,22.29893472848212,67.06229325388979,9.2169966513576,51.17273408442803,19.59528568106468,817.6241963072354,70.58538715865294,40.74304979058288,39.07483171801477,53.03691799999999
OG0003366,135.0659475360347,536.3646464687923,78.48827255984493,117.7539624102382,161.2664271536997,373.9613418789587,136.0363605169468,76.0064964987673,183.7801250852574,211.5344150612865,174.5324208861071,9.28388618610262,285.3112927302549,3.809261568721198,279.9699540923468,62.07192770109165,136.465728717308,105.5322395611505,96.287546
OG0003419,172.8247180513212,277.6902462258818,110.7356952187344,190.7039140125287,383.059876698892,348.718330324207,372.0070413227665,80.71209755102133,572.6205625375056,755.7232835606101,146.538871409171,38.84815494199499,409.6197271842614,115.3706810565604,267.4885917570994,200.3623390088542,198.0663603905139,66.44993513211413,666.2792659999999
OG0003421,100.785123168425,176.8721180257461,44.64766594485972,142.82287753734,268.1825536609787,144.5820166335316,135.8148297945554,212.8493872207795,99.9956537279242,112.2106162558205,123.8179534568411,4.8710725000926,158.0690044881003,13.64102601259378,188.9563861057122,84.71984465544263,60.29528860480112,41.41180723038072,90.606724
OG0003476,287.2061915391504,656.8006161654894,384.9842857879215,21.37683860962987,36.51201542658946,1120.360719590089,803.3790739412069,183.1118055402289,148.81008899147847,98.29048471636456,292.2293631618074,55.17769245584612,271.7974042216306,57.02294024483205,257.0725342372708,1562.651916971075,157.8556790907618,239.8145719884271,225.371098
OG0003496,146.5704730747638,343.9880161493235,55.87107059383206,149.7801262077969,194.3891635796209,560.318451911713,273.6435471490922,643.3396368720968,219.20376280690644,0.0,194.6360241569857,24.4481383565792,193.4992688786779,15.08882810069233,166.2590050764084,134.851971824399,256.3523636236282,230.6192820427494,365.91177
OG0003547,118.772773041525,146.6860246222251,45.51501770207427,114.9180202504416,203.0443985728149,207.6596000924806,199.4944308542346,12.54270200462943,166.16226937017615,66.2194690626636,124.7659549840009,5.269883583302926,96.39027261458432,57.75855835440007,144.318387345294,84.48744607908102,86.41708055970919,45.02182114763959,124.59618
OG0003574,325.0895847685509,495.064689956857,78.00805157707342,427.5433622547476,525.4774084004459,1083.338842392947,531.4102440769565,399.9645520594208,864.165166726182,37.46761787323011,319.1956719666817,24.5465662216538,0.0,153.2060286177172,233.321173179719,381.0239441572319,155.0977741206753,375.4132019677392,0.0
OG0003575,619.9151526593469,1200.660616727212,80.08850896625658,415.6652128317859,270.0963948005604,558.317486399635,769.570853763212,292.8100225616805,393.8837073865069,145.6504833007335,402.0407959123923,9.699314756293646,550.3366581182916,124.4060937291477,433.1774146282591,354.791135694213,615.509415349243,486.0183518390433,0.0
OG0003615,389.8603138260407,1507.743453345103,533.7891204089528,390.0725965752954,617.024944308878,214.3198644378442,3442.516457720417,5453.505715480676,1624.7539609214111,77.03574458405727,380.4500822877496,70.67729548665764,1960.252468149252,150.6741111972729,59.79266318809655,891.2230256249959,2715.9147898694,998.4573047505648,434.845442
OG0003700,1505.422660327063,3554.714631100609,2165.798055966902,5230.894168040663,6917.251581109052,1387.851963991949,6550.768746231301,268.0961348895037,7595.779585861554,1719.204140266394,2826.679982380995,372.5518385338431,2023.331671818568,282.5757520057883,1808.252197071088,1847.446419671157,2928.600494537991,1873.373390863603,3574.335012
OG0003739,201.4479649172598,63.39193540252567,13.26975207632425,154.6327005962936,67.17559230098438,440.2961069422392,213.5951215485154,22.09921218031541,109.5948132948892,194.3545482027178,52.28739391512675,6.119863124895545,168.8206412137164,21.10535244434633,236.6817132476615,79.85434180084258,110.2433298311385,57.41223591498174,20.52734
OG0003743,1381.22671976908,2432.195764766012,1394.907669967382,1268.604214240927,1598.50093872569,567.0536908267926,1902.807338079795,9307.31506602938,1052.0420556947813,169.1466779964496,2111.018201749636,26.533774328971656,961.1397726967244,21.00986600236638,515.8745126903431,2993.349715141615,1664.697069889991,4253.350456564869,2146.395956
OG0003746,148.7320197962514,292.649797481271,40.34801225594398,256.9783152440925,369.5145752589056,276.0674042238509,354.5394872871651,405.4054384533061,197.43842088000025,25.24477956921224,30.46882043581783,52.59717849442002,56.61600780101707,2.806953099910523,141.3398552107352,75.9889890484309,75.28034143239086,176.7392830827097,143.834594
OG0003821,765.6717454233172,997.1384735553391,85.16605137723283,830.0029508537261,1452.427004401638,518.9520301755813,822.5012138916661,800.9592242059023,694.9248291330932,54.2069974137743,418.5318845283516,185.6809555694924,575.6391046796195,297.2498656466536,420.4000444456154,261.0030153857216,447.5037286308803,1020.385638937807,505.879586
OG0003840,180.9988642615672,362.1670862191972,17.76591716120673,372.2722024299806,846.5574539940972,493.167685978104,209.0698489201705,49.27376757618407,226.1889591215316,81.70662241420492,108.6049790178495,9.231044637155884,95.4420161205893,212.2882045858951,280.3202470319916,63.9026977516196,110.2693295078294,92.0816424067068,366.245936
OG0003895,3300.286637376977,7020.988046712908,760.14825886475,4051.566234668399,5757.131810532437,671.0528523716882,5176.587841329533,56.75814328310996,15227.444317605296,461.8360934405778,4196.587011405427,107.8329894750022,2159.975386960779,16.6994306543063,4487.819202709024,1574.151756985049,3086.556221714098,2891.49265596778,0.0
OG0003906,82.17463541494764,270.3623882867295,17.56256945516766,249.2344494825923,362.0250303699653,53.18766939123257,111.7764954092563,109.74611869241,0.2591128357443752,399.5003003438736,102.6276407108496,0.4082017189701457,0.5464676670356783,30.76210910003801,237.1212068838703,34.5779590829346,4.259067889453934,121.35652600133,65.87844
OG0003911,89.20317185951244,224.0480808372082,168.4903432098881,204.7647772974004,330.3700590497285,1625.720095377606,606.1647750291733,665.955508219111,228.72396988919343,464.9497477400226,234.838888737078,63.206982065880055,916.554578723269,85.9092171165528,150.9574208184423,287.3370914911913,237.6365532892251,196.6884104776579,0.0
OG0003939,47.79795048569534,139.2874403014094,54.20164201417939,132.804547238272,330.7068867610799,256.1145216668793,133.482245849504,135.5674510809941,136.1383904218802,48.81712913495187,83.09054458278548,8.897675005646063,47.61602251988813,29.06295570847589,139.1093794348787,103.5796069964689,253.2387010431698,39.00956386723323,184.650584
OG0003991,335.9588570893314,817.2132905414719,67.68582372738439,291.3494894310352,777.0333052885247,836.3974921285952,592.1313311583758,46.34873877730497,271.4338998959559,33.0479075537629,515.7763743527912,29.11784446339189,151.7921582762369,34.97370809717651,239.4814248748518,156.585082484948,375.3722007067392,435.8890388452722,289.435494
OG0004028,622.6507070890485,1322.594161614803,409.509487694498,225.6813901864339,442.8712659993766,210.984281608844,2041.946156694176,8068.159170432647,2074.458411779949,80.57807938847559,478.8786841767146,85.4892332869108,2156.582034557657,18.19311008686437,86.61670789265494,1091.055391226436,2521.797952221002,1513.968822621412,295.25953
OG0004115,36.92886603404497,86.55978420364302,37.34297277771947,98.70853852310088,91.47623597142656,20.60522735121013,50.51734971961868,6.069037374892592,150.96814193442407,39.3279835927716,50.17649338267803,79.35530502552803,92.63507035269085,6.631475799318556,152.8087853700844,144.1529406047195,253.0479400016558,11.12159556347488,204.509592
OG0004127,190.5627460375759,232.6663180124105,60.78618808152054,133.8792908190113,231.2521229119895,465.2011819157527,733.2253498637132,218.2332846696761,238.35281667699888,184.9460207576993,124.2020334811715,18.096145125595854,186.614125015477,189.7112776232763,196.7689123070869,197.7500613403849,119.3846714375063,69.2718119763667,82.204836
OG0004133,634.7840274216923,282.3976459617537,60.56973940249426,324.3981230707268,366.2416082125476,219.8916535763224,453.5796468099236,830.8852775468368,315.7106661958848,52.50947781877692,263.0214360579103,16.077796637546896,100.3097327897633,34.91567860653549,144.0190427370393,197.2789831450575,232.5757647624462,277.1699350860792,0.0
OG0004183,181.8852898963228,985.4197458672836,512.6191243969475,223.8345543473043,350.9464582400818,2.937208632459216,480.4187407441389,227.2274179359883,263.3270351130549,51.48790970185159,295.5918928379407,106.212231277345,191.9825537898312,0.155705647126399,262.1399823320133,389.3474083365137,217.644241345266,546.5729085256223,352.640606
OG0004186,81.4251750845924,130.0728870251734,27.89315167659089,15.05094332959187,22.89826696235786,177.2334261776104,92.3320331317482,3.271699458419099,26.12721100472723,143.7318586706443,60.14065712955335,16.40720238622501,256.9955160914438,37.36790087253194,174.3952676319485,43.53520869295738,22.29197053436035,49.40620518403254,20.145436
OG0004298,85.68247460682086,131.1044447308591,210.8529025025821,66.82194435101158,90.72055705298988,41.73541151938375,203.1101416235272,775.7996426433884,181.1959065982258,144.0036187985444,51.39576513401842,74.89173006290923,199.7687467110973,1.056289288374798,108.8726614429736,695.9844395351693,94.66905990599096,96.5394071084998,107.64919
OG0004318,31.78481385212636,477.7744377003647,3.95249933383954,45.20055016420227,52.02607847228904,32.13643990231161,4407.724776781881,16.4324061654032,13.114544564019145,60.3816806754453,34.07258148026231,1.2476538789455351,88.01005584890405,17.01612923667913,960.6405102812536,23.44983820505911,49.65801608470276,15.29020392061188,0.0
OG0004320,51.38312981246881,176.5639201787627,69.86712430649837,101.0286593051572,273.9649779421832,294.772648830489,720.4966689379872,80.90481095134216,63.079053958087314,80.10343734516947,129.0886063966884,4.575516651966289,137.741468177468,30.01171263816375,143.6094182540848,36.72746684669762,54.52791963939784,63.02227044332883,160.733846
OG0004350,1356.980986478522,2889.265234107261,1922.884101521371,1661.320985240447,1832.084765462647,4451.762688197633,2191.614264231689,11799.36350587172,3532.9997971115363,706.3200007652222,1375.649855072111,112.84688225884004,2629.168779513578,1146.174149384853,1132.662145484852,3533.339407522958,2513.56249966297,1175.93185873912,0.0
OG0004421,43.88401993484738,192.4621473837534,39.62215075246407,31.7488429057355,25.7960183093625,232.1532519727144,355.2755262061854,47.26554620137789,80.8716108370318,5.77322261830589,75.51201191181988,1.099394537046584,347.2918484334216,335.412691798726,65.93289124476372,842.0505229922915,49.87469600143712,38.63174610857607,283.08634
OG0004463,174.4942345765683,235.8170579865315,60.5438330578484,133.5847389242824,149.4722878400594,679.4405026234673,362.4845353680699,266.1689845656604,79.54888673367395,109.9340631500392,221.6143477039713,56.60178742043162,412.0518339642038,48.73258054637677,156.9635278616302,119.6824552291873,217.8653121846219,189.8657242605031,111.46823
OG0004487,315.4589257191226,100.2589647725375,21.08581438186117,16.76366266690956,26.11576703809429,212.808245500598,191.8206665949423,3.500994546142447,47.42719076533724,46.92808450540269,228.2389292089399,4.680117780140307,131.1031193993912,5.949963437642928,175.3466428184011,42.21010437234119,190.2507188828991,92.3517845310882,49.79073399999999
OG0004505,12.1838800720248,45.9900961558658,80.38198278956007,2.0272478038725,0.7953519387023996,6.885809578157107,118.1741945844371,2.348174229746684,1.3784537647719466,147.6794501878401,12.33854237683481,0.0,13.28618596055461,113.2654557655391,19.6837480619519,879.2999343826625,18.72248938499803,4.228823081400095,7.733556000000001
OG0004511,215.2621092583887,645.9194486060337,241.6296003400435,747.2696985435805,861.4684091496758,343.105364136192,2546.371522695008,1032.622579565933,494.0782877749815,84.70680751984145,278.5247772484036,32.36875697320579,396.297539542947,38.02750784866507,516.7748491925347,579.6928512105841,171.4593174151906,1296.798790290662,514.758854
OG0004516,600.6865734096904,422.323847260781,104.710472786547,471.1807074432726,515.2541239578702,121.7031056169943,254.6302572774638,234.5640054672476,0.7480340663094819,204.3314627054201,242.417844136379,100.2316935688693,103.0912851721484,0.0,271.8309931454111,437.1227730488052,73.27988161151872,44.08992576825744,0.0
OG0004680,249.9669488825565,663.8388781201633,90.78163163335854,533.1876732717103,643.668170562848,292.5931015552961,378.9528965941779,12.74524105693573,365.7748288775266,100.1805028904554,316.239312641443,15.892644135304494,102.7343766177833,19.16673392214983,305.3633191942776,210.222463003731,439.3771131251565,229.7797999532522,0.0
OG0004688,339.3281479296637,452.4629831074495,239.5856605856559,359.2276590617231,574.2515561738069,587.4724283309401,543.9863948417559,124.2365615422394,202.69401931133984,79.71079984534788,299.6263742108256,77.27589519414879,384.3535766037494,9.363355505923469,173.7355125211083,298.9394620392672,183.0793362863329,295.2794203245903,59.720238
OG0004755,91.3872902650321,129.5182237988236,117.1393904204825,199.6021627462923,483.7330491187983,228.7181110235564,184.0506831019386,209.3350492170447,443.0538173767933,39.35914333300002,89.48583168633839,36.06097497792278,65.25855675361369,26.90818517509425,97.34753982389164,155.8843275540231,67.39857800470787,93.71048687529596,110.465732
OG0004791,61.68102758129454,114.4841237196938,26.6083974246136,52.53586892399521,71.58714708829883,220.1013224553625,128.419171705713,7.791785535390549,459.529428930751,63.67499644623888,39.08470236052511,3.5922588778095434,105.3589662044789,181.5618949861816,32.91713955152583,83.45996913721896,80.63444720260017,20.5102466569498,32.509578
OG0004949,74.99159466398861,241.9162643865844,22.67523314989261,88.74120627914823,141.520181240828,214.1822132773724,190.9543442090349,114.8837908760836,359.4587695682752,180.7632995070337,86.80224255558191,28.549475015930568,119.3020061483665,63.9776379442509,59.73680670630827,90.29830951549496,219.2686922597691,26.46042729660786,91.036366
OG0004953,13.42855309966247,21.88506864038341,7.236165692837204,4.494084450293021,0.4227893259183566,7.682116235692471,31.00957432475986,5.20853477594761,3.862978073939924,47.81144475401668,2.004997939489195,0.0,19.29147134352328,0.0,227.66764906022,1.116377458761643,178.6575145416067,0.6333896526967722,14.56009
OG0004966,413.1106911689544,595.598695385675,65.45865605254814,520.6992787091498,671.4772087326181,478.9026088188438,542.9144062735307,73.38304645832599,342.1863476615721,160.0631330582434,342.2677605616446,69.8147824718365,191.3355677998955,19.29430074907077,231.9394118556271,127.5481920291819,361.2227039462016,308.4444403937496,278.121588
OG0004997,118.5130637473756,170.4590869226139,45.15827797534496,257.9857579611852,284.4143366867537,83.80881864872724,264.1995176851169,117.6810264380342,1959.255330247562,96.9689765179483,153.9956270848918,6.042160721812759,161.1169447527203,7.067706569142998,108.2337293331415,132.5369185064593,362.8034588459231,99.03619892475857,197.969486
OG0005036,58.56269041640282,105.8333066416085,497.2678161140246,83.40251712246977,148.495232751157,85.06197927118268,217.8139728744226,44.13307722783959,129.48693171972508,51.25009814427026,44.02140187434568,0.6927376665627625,227.1489341197557,14.42804545348004,82.26838019125147,632.7905774272381,48.80314329335335,36.4831905897984,139.776864
OG0005044,478.6650316453987,278.9585120430672,50.19041786169134,185.0100603364648,266.104855064652,615.4142651294944,632.1609930017712,76.69726580227103,184.14772370157507,333.8046731571438,403.7306570435329,2.6469485492794878,182.169444798982,43.12977529097238,193.5167415153735,36.74476664266886,197.1528481689367,261.586352578266,763.378358
OG0005060,261.5054208807248,213.1337805638108,50.47225002997795,51.11810195109519,66.80800296623694,367.7918720780184,783.2493708381402,105.2270210228895,143.34674560580555,937.8320761461882,110.1043940311079,167.1726205837193,154.7126353331463,24121.82267833172,165.6278552701237,147.5312059640732,204.8164195960252,276.3474855804482,266.950896
OG0005164,118.2029780200969,327.5129295788485,48.20937102132471,156.5440754150343,161.7602227857612,117.9088061907614,181.2109147109103,168.6982544593698,367.4214989841026,22.05124207638125,81.1507103625551,4.109808514257684,74.2811946534327,9.746104585696813,112.8021713256848,64.18426136240262,115.905126310567,338.3486685353564,0.0
OG0005191,960.716097214891,1379.728980627154,114.618624859688,796.8248261130068,868.094541688073,2420.948476461605,862.1390561667105,76.05838692136425,1577.2586368429747,915.0117868968103,309.3903110653235,74.05028929237332,1910.890047147712,81.36624174228258,1882.743450444134,2001.739208723543,1973.602549316217,17.2495292014499,0.0
OG0005289,11.94891226933077,8.822844121695715,7.032595910795534,3.467199898450364,2.349062702679183,6.365522316937462,6.601211095040514,33.18513589032388,90.08210626530187,5.627518880490281,7.535134414668259,3.600652034887428,28.43963463964875,3.376442035319654,387.6313922955182,30.09664019928378,28.76600558156187,2.26327156092454,1.241188
OG0005314,135.3054211054599,310.4837242711131,206.6260283576444,124.1337383805119,230.7879767954999,769.1196593767894,245.7932985108538,57.25884453517051,135.62379576763317,26.03414435810205,214.6317356555647,35.28421879712353,132.2636997503305,50.73687690257152,137.6865088726393,172.8379365985143,133.748089171495,259.5829998393545,0.0
OG0005451,18.93771832868021,2.510111519905759,439.7736255096908,0.0537536528165624,0.0,0.0,9.997400831635334,0.0,0.0516867494493202,65.685675101485,0.6126952992639098,1.248471469809355,3.15557665904563,1.838792081397059,18.05307430634636,193.1823704410809,0.2450408066159508,1.856181581984208,1.384402
OG0005464,149.2933103610533,251.4274949766074,47.9332171524184,85.58474764170548,119.742948480636,300.7012887186988,334.7006768752819,36.8014180284657,95.9941302459224,31.87462204698728,102.0497314414393,22.61624942811357,250.6857368564594,74.16792913632928,125.6569005033211,218.1712947539311,938.2550837965788,36.16134623817091,0.0
OG0005511,205.4123831415735,1061.5453344212,113.0544940455484,2057.513668235598,2707.867054684978,599.4566258379475,2627.085116517451,330.6479522416247,437.17810810046416,1.955742464830708,551.1476072067258,12.799768743221025,169.6468798016676,8.438353494108108,509.2376468656684,89.53117038349029,339.2250977425435,2275.081535149923,0.0
OG0005585,242.0548424036234,310.6600169139235,307.941667169676,187.6163642648667,301.9130354550294,131.3584971738706,1202.096923683965,1977.481317180757,356.1470476247024,20.26947844999303,184.63349891774,316.6888716286946,360.2173552288322,39.64326989214767,59.3116748645195,580.1921411626223,336.177688175292,288.1208406319726,0.0
OG0005627,428.4345086470645,273.868599365512,19.33413451185402,107.6938130222634,133.151389995552,636.6805972559185,214.4384131687903,10.93397051574773,5.269591567439905,164.6642864633773,516.9885832164979,6.56188157888781,68.01285512181478,61.21776144484969,125.595291403641,44.46324681681175,45.33057560979872,169.2336257707105,187.467126
OG0005654,270.4614582813856,346.1502952534798,69.51787799169489,350.8433121382974,433.0769924218628,477.5196424441508,549.957936940997,67.61717839235781,454.8237598980793,426.5077639023972,244.9645310782852,8.208347170771141,176.5039938092868,9.253780518837187,370.2743295030242,92.1985264665786,187.1631464776084,0.0,98.435756
OG0005691,15.9674105019743,186.4533587324578,181.6345099257642,64.95040383245681,70.45115541393533,268.3639185267131,36.91928087286024,120.2474319365626,178.28525273634125,0.689100507887052,16.70147611889331,3.367837115714522,40.35345496915026,5.580476309913152,126.702372811579,131.1371388225342,18.61408061636064,18.59929542517825,0.0
OG0005717,2214.816371652099,301.0036541262476,232.2663372182646,216.3431351652687,317.2303618545211,554.8051289526039,947.6070672883804,392.8627947476625,486.8798161895239,886.7405010529952,447.7813828889842,25.887857839516105,881.1926654931747,68.06055634729732,900.7280178461082,241.5063424311163,187.1389218825204,128.6211251428525,0.0
OG0005728,159.0465995775154,223.966967264259,22.73964919664919,145.0831721481447,229.389761727433,611.2125628242386,86.14507608859786,167.9043514194301,73.13851213959732,49.95714726066109,83.4396747489385,7.17985196754198,95.82274110292826,6.659954267077052,135.5660202153418,62.59277499078959,81.57183467632483,17.77978038373357,0.0
OG0005796,110.3491213962627,190.0594324943885,36.26319283333797,126.3961251644912,155.9939100086258,20.74805871290809,149.008928479665,24.21546927109071,75.19900009792136,251.781566670804,57.55774131240752,20.856695745359318,398.403173665284,14.61200182251801,139.6543426100378,88.14867610995748,57.80185828625624,15.35411034566707,105.691932
OG0005836,401.8147147917839,1030.587724377936,587.0116749337811,427.8114721325525,828.6411408045245,491.880647504346,1340.056218688033,84.75407497110571,629.8360897023755,76.4551592485917,557.1372408132829,7.014401269063836,430.2665099345746,46.3006899733653,214.8815301863774,716.3731662758521,469.5301202888716,1052.224863745185,755.2628980000001
OG0005893,541.7483464733242,440.0371502371324,152.1546356393264,432.3438977089498,886.8920447915062,1450.529497326051,1157.599613730295,148.4271277397349,194.32525775870107,347.3778430459906,102.7445540957107,10.62106332969409,67.94935105540786,5.06213635579819,651.6311526217482,198.2034467514686,119.5747148154952,197.6754688973588,148.369704
OG0005981,181.6220934063606,1074.733911503197,7.811292068558274,1.252221673456259,4.600375806012148,0.2898362977699511,963.4535809224536,7.855265420457563,12.09510791045044,694.968361203774,17.21709206844843,0.0,109.3559868547971,18.24388666857743,34.54551066479855,29.35678700969438,11.89686219906894,17.67244448791601,1071.145244
OG0006012,383.6873548850965,1187.789066889676,116.6268524195504,199.7762376158465,310.6436657449148,682.3995575636465,909.8238228339447,354.1030431692523,402.9148012380677,410.4134600708009,142.530584775082,6.525077115847421,506.3440034896725,653.4842792260752,193.1264893659266,846.2923752538974,356.7336065483606,48.18828477717029,468.1665659999999
OG0006222,0.0,12.27564350650815,0.0,0.0,0.0,0.0,0.0,0.0,0.0197476966632137,8.850314176110102,0.1530880131494141,0.2474129941425234,1.915931546130913,1.595710384538194,1541.832733006774,0.1531031943444538,0.1385744630856,0.0,1.623092
OG0006242,115.5654594951497,171.1942638980008,1.453760719893156,1.236063974443919,3.910052756717584,52.24233961632462,242.6417194328355,23.76382816272858,56.41032404406162,30.58884880044777,13.44894992008074,1.8989858770555053,529.7065120282222,135.7846998629111,178.3608924379624,8.576106184832108,52.59274189837697,8.92152884250327,0.0
OG0006268,149.8951760446639,40.19917862006321,61.39832273489027,134.3637928214217,308.9333031223974,222.065821738922,236.775065108471,86.54910903618533,110.4152332169981,111.1562058271699,274.2427707910596,5.314533475171965,325.9682686759815,3.853714766378396,484.7480473397375,63.8706274322041,287.7284169107163,88.75168502543782,12.746046
OG0006296,173.5519652168428,379.9830387780743,46.65021169854565,532.6707815818874,671.5204547015946,283.80169667104,564.5675109495068,249.1297102693568,614.5285236578732,87.41978606938756,242.8210445990586,20.657687009098403,230.7047949125941,11.40797081829414,232.540445757216,115.8212235111026,260.2291794037489,65.45606893992439,0.0
OG0006402,218.3236776548377,20.92053735938771,0.055642844455395,64.85922433802384,40.35041987712043,0.0,87.48454401210934,0.1902671960686721,14.71904863347974,2.99182707341092,102.741200724722,0.3794606609568136,8.31720761706603,0.3155088112824419,312.9626371576418,5.300992320313351,1.552528465994705,75.1997229505719,33.989456
OG0006529,271.5025288505528,2952.080676307946,126.1238131631426,164.2011108104576,622.8931266604305,989.0779399569774,404.5894695336995,240.0654418541633,241.73604902360364,299.9973997360383,178.4158233184172,81.97549571019334,907.9378131908796,8.393894206274329,274.1801737246358,547.3877774673019,636.4967110302159,62.4167579720155,71.36831
OG0006551,355.7496406889143,166.1332150669357,28.30023314100089,97.27865097189289,185.49053304974,218.744765571419,169.0536818142361,160.9039571509101,161.9374759306356,20.67731902849867,80.19063007008529,4.167886015887455,38.59079992005501,5.109034318775305,191.9732553671933,141.2053749972859,84.17649813922988,148.087732177716,205.559828
OG0006582,434.4161086569235,574.1285195657487,410.242345884991,425.6415306411765,588.3328256175117,678.1603384146524,835.6929300958747,439.4131705457825,302.01184811102496,44.06102270320371,373.3553659750423,167.8333557948461,470.0668995542936,248.8392530680445,368.9460539000476,477.4992171837263,549.0768957989936,1399.137236557957,0.0
OG0006584,223.0204678284967,451.3550397019842,55.37701812345811,159.7944028904392,246.2111345245619,352.5981176460446,373.8547521986011,641.7058736859077,164.17071698873406,55.63355116111831,168.5581443237334,13.387381259000914,116.8910256323309,27.40696714897167,150.7126944285848,129.0360591950187,152.7402509510786,206.4118887362917,354.69334
OG0006612,209.8155234951126,228.0936658481675,99.94988076894955,172.3020823098254,239.1723841417494,468.7364440912614,303.7237185603229,71.66579766060907,148.0914387125266,60.55601417105796,208.1838569462559,11.446043468077963,130.757797261229,168.3920562454065,168.0941341468061,173.9402621638916,182.3701439948983,123.958777269476,507.93232
OG0006662,112.9426377321269,527.7726021834598,507.0955543786214,122.5770857114137,224.6669229885394,66.64197660673447,888.0825680383093,1375.103446215613,123.22338239952758,84.51820890837185,134.3887344843368,69.59987055625702,529.8850889166694,4.453936847005265,61.09002389111216,437.0901575829483,439.7667641017388,355.0439359120741,182.59785
OG0006741,158.1073653671485,263.0028211912299,61.29261567512926,136.2348350639888,203.7170343836065,141.7366055578894,920.6375358572724,177.6288693678091,133.71050438975254,675.1428979370521,111.5867796222659,131.06305631149056,207.1501468946834,1497.764725104243,206.5332909115202,99.98957700135624,237.9513777476534,95.73227614031718,82.443526
OG0006861,110.7596275819978,351.9310223522269,102.752935286277,242.9986226017724,310.330994396109,678.6593370198269,403.6013285431536,134.113157093995,121.36611240888485,27.28527399494336,205.8896169656775,12.32445289536911,81.7692161008218,5.924430166732123,283.3259722498028,135.7444108745664,52.80552793645078,110.1532734846858,0.0
OG0006914,267.4647204154027,589.2125435161656,185.773370603191,428.9820164749193,634.4916415292508,160.0059885648379,673.4148117972691,345.2178733593652,258.4506552248174,161.1338883868792,477.5200767780591,11.62779610059016,115.0126310896863,54.50877168743065,291.3153059867195,232.6615443799131,173.0806395530857,777.121748479265,62.011662
OG0000267.fa.orthosnap.1.fa,2089.784679797786,3838.698062063712,1059.948952819318,3509.152969172829,5187.888840268244,5999.003915876868,9205.357961902351,1077.370488287584,2306.558532736484,13177.42649823495,4209.65190953403,642.2429009278576,1531.029410815449,379.4021703705426,2040.235735548954,1724.566325316765,3676.01786333724,486.930149729911,6708.668877999999
OG0000482.fa.orthosnap.1.fa,130.1574959379706,454.4917350088234,61.71463599033837,231.0575956941719,440.2468759656531,67.73499164615492,332.7761492819398,81.48149524822138,259.5549933995828,33.02550953438763,79.79253421373767,17.163774111641438,165.6058269319908,541.2445606587523,154.5586306327019,388.3983012980436,173.5453704196602,35.0565686213962,136.53068
OG0000504.fa.orthosnap.0.fa,80.92693616091248,205.8713333251195,0.3749761856858477,1160.853413142394,1748.124048381236,0.0,378.7310265524805,11.1115433440263,201.44519960896045,349.1591036607997,1.780699774696802,0.516667779105326,11.97073724502133,0.0,536.3160401374913,0.8830671134474108,201.2640840874415,2.484028841026722,92.707196
OG0000576.fa.orthosnap.0.fa,62.90708915096556,549.7257627543139,4.52044608465031,0.0,0.3085064643085081,0.0,832.097247583124,39.01946414060217,1381.263842794312,903.698045295836,10.22529161377989,0.0,128.2544001170823,139.9431890033848,29.30412283979451,7.613694268754407,791.7521665982794,1.639057305345934,640.214318
OG0000777.fa.orthosnap.1.fa,596.8396535350536,1378.360594258194,89.0054157014861,1606.574851500024,1403.192858517485,2097.063486134567,510.4027645685908,498.4274355321539,55.800699223955895,2220.249905774478,666.1292166783275,121.78374085687298,286.0546341305777,111.7503604463175,494.444490474677,279.2857436833395,619.0202290349276,206.392015505824,972.90044
OG0000828.fa.orthosnap.0.fa,1218.967088107442,1803.775523035471,630.4281412705297,401.8243647016904,498.4465401469249,944.8770967494248,748.3497276540761,425.6450841491194,548.484631931877,1647.202612196355,617.6703359544747,19.633768170737557,1738.68754777057,98.61304292580834,652.9976615463783,447.5145935216927,453.0382757303984,386.3103851004568,0.0
OG0000991.fa.orthosnap.0.fa,1046.021024850593,4614.763414510174,686.5106767978748,1377.070519493314,2345.595850955431,1976.218363253805,8444.981156835496,1666.825712296229,1808.614086435485,3668.477845101569,1222.254995109799,1395.0262044872902,824.2435097102694,25.13045407078759,1266.821264505076,742.3249917417218,1594.010355214639,871.966850134566,2492.63967
OG0001115.fa.orthosnap.0.fa,221.852344961238,232.0623931241454,276.9003732970262,44.91180301071665,53.61413160174743,77.15976896117435,296.6909570815981,16.79384770961052,85.84766002365843,87.21803623301393,52.79576180315676,1.57423030061503,39.09265549501826,19.17824114377311,146.5325662843143,355.0961059556132,65.71233486476599,58.13469067805426,0.0
OG0001306.fa.orthosnap.0.fa,263.5781428740589,127.1758081656058,13.0012384148192,64.00913305859173,179.2595875870808,15.11564264263447,2980.687688716878,209.6618131264704,1036.4679793335265,2633.745331129675,16.80956609074442,47.52197127552401,303.7373846968406,115.5685935487164,60.63198888474895,48.01736457920666,568.0554938972101,122.2201216213053,0.334166
OG0001432.fa.orthosnap.0.fa,959.2807419399892,4367.250381414979,578.4502542277322,4774.454777809683,8057.999001010981,665.7483556124236,3648.53467808492,274.3652967310239,9479.614937827908,334.5855321152296,1883.759329926989,103.48933943936814,1605.303418684002,34.40949986907217,3375.042670061337,1252.864453484595,2842.450887760658,2756.312615225771,0.0
OG0001604.fa.orthosnap.0.fa,537.5017490552643,1150.739099422929,18.8769973633345,18.09460318144295,20.15156034218553,634.1602940664548,149.7889936536414,1.662604280855505,1.1845238285293995,149.2333894724172,619.72968624188,2.066061384581178,22.90505788650531,128.5305876520081,244.5531201117666,6.369978413098392,5.085925417744068,15.67548490646571,67.119628
OG0001609.fa.orthosnap.0.fa,0.8256709350478776,0.7839504195674681,14.80183276090149,0.0,0.0,2.025926445018245,0.0,61.88802522163316,850.7650664404639,1.084593753193138,0.0,8.248927594364744,11.37089921567841,0.0,0.1979130307850936,33.17654192201801,73.10398431058918,0.4357302949324589,28.833752
OG0001779.fa.orthosnap.0.fa,757.8884331026512,1022.420699467291,132.0230256231258,155.2944404644221,377.331363612455,276.6012320742426,1162.080541245945,256.5302993939532,610.144247037724,2967.66974513621,267.8953627977005,155.043529989951,630.4325671300745,1230.629112780516,114.6298324325531,301.1055593325705,766.3628464886997,191.017168635683,0.0
OG0001805.fa.orthosnap.0.fa,88.37033447676374,187.0642738924768,83.61226685881408,44.2766142849703,64.1009287412542,129.1766586587841,707.3458712443552,66.54783406509107,79.99570149034969,374.3505856195896,93.04718854036652,21.678606892148046,87.3918899804415,43.04652513968503,140.0096747775018,208.8617070919405,0.2291097789681917,30.63468654966791,63.96892
OG0001823.fa.orthosnap.0.fa,247.1696961198511,399.6434370862056,82.96348108299394,95.90034301172444,129.5995795092313,1272.639151349581,353.6880440809051,333.291302504518,103.40316640060804,436.8075902571193,254.3574581784946,70.99179515165187,461.4623270983786,390.5656139316537,125.81586106553,109.0917387761826,155.4653043911033,92.72507064819504,175.819054
OG0001890.fa.orthosnap.0.fa,0.0,395.7758204804223,80.42128077604895,159.7586786778548,231.3082903811325,189.7732775074281,184.8925640610555,34.20881176282855,130.83795432666426,130.9852359111439,86.0573839283826,35.49745904065156,209.1507945310322,2.26796085060908,219.0226545519995,123.651407819483,22.73437244219791,52.85898863137802,86.548994
OG0001910.fa.orthosnap.0.fa,588.4555446336304,943.7327016082604,322.6124226417176,508.8963043439375,667.7072876573172,1549.124345981507,935.1220888175988,375.5216875714782,468.5243555917636,35.53175939819474,760.30468254199,50.1734987254899,544.051457307883,1.66875110035895,298.242349479096,924.4821318970954,820.9741958007276,1013.811722756288,0.0
OG0002094.fa.orthosnap.0.fa,54.76440646542705,2.70942112091892,436.8590611298588,10.45626160622987,6.742701729394885,84.92475112985474,200.678532785429,11.7178756800415,199.0315191866473,530.2673546298923,14.4364347383392,3.611334258759728,156.8227122497173,2143.121387397859,54.06358811028155,25.81980686674359,84.39895124346052,2.267653500055081,297.216788
OG0002267.fa.orthosnap.0.fa,297.2906895711225,333.6747421181889,119.1639121788949,359.679444864532,486.386368183258,1019.032179034415,224.6638131331388,524.670408058543,348.90381098590905,427.4588120538775,140.8549400310422,94.51582405505776,890.4395593117714,109.019232347693,133.6327508818356,416.469306036418,657.8816724229781,160.6047214518486,442.6267360000001
OG0002339.fa.orthosnap.0.fa,4191.835363318567,0.661262616057421,1452.324920524438,5157.299842842725,0.0,1994.775548384066,5180.138207226389,611.0863427191007,11944.997110926808,359.1599008087876,10283.34979382836,133.61616961479746,1514.077524662101,23.72428340187436,3994.717233238509,2628.758995671218,2600.820202091451,3745.024991363012,0.0
OG0002340.fa.orthosnap.0.fa,206.4820252770497,123.4026679062737,33.45213081209325,55.86659340506486,108.6415399292424,120.6216596015491,103.5681152269,103.9426538523221,366.47817279751627,561.4832566251018,92.66171739122804,21.55251155511337,390.8336754639179,79.42712955224009,80.49553135121513,195.8247509588122,89.4930850908409,51.05418348008625,0.0
OG0002351.fa.orthosnap.0.fa,259.1355448026578,396.9977333631352,210.969011775917,208.514012834409,315.4396959353619,118.1849662544813,419.5910375880674,2280.473091372849,437.6838456220158,91.33418396392254,150.8861101658622,122.84926707637668,706.9652208440574,44.70461852173302,41.25154054219335,401.423782207053,475.1218216784594,1068.775773090052,0.0
OG0002373.fa.orthosnap.0.fa,533.6915299212975,0.0885296944994908,272.6499378314349,856.947970441259,1426.879193402856,935.6156566656314,980.7139510506786,366.7595929236901,534.0957418663877,551.1329084299462,737.2823307044297,136.4899885370241,251.6307423134513,27.70019137443795,383.498470664619,286.4563554949658,838.1246137092717,691.7605120795988,642.2670519999999
OG0002420.fa.orthosnap.0.fa,642.4233851277912,1646.444515155979,163.7924189301761,1161.079161633353,2267.132922816093,3794.34027169302,2613.670807013502,36.49831332141733,0.1049008851116819,126.4653670860774,1158.85986778547,57.95687409694904,271.1630669253859,54.78809146791036,1437.745932838423,206.0510807668392,937.0038978460587,1229.224968332879,594.433576
OG0002496.fa.orthosnap.0.fa,111.6950541306472,128.9057361763573,61.34623601207307,85.61638020920606,137.7154054955934,287.3665726250219,1.648025015443298,117.316952877231,922.1021483307562,387.3668268010707,171.3891433244618,54.12290398091223,138.4102708662239,72.13583121954225,0.0,137.2556707193261,130.8888545116092,133.8563466032512,135.528182
OG0002506.fa.orthosnap.0.fa,1059.754754133702,1121.643213604246,619.0389767569735,393.6269581362844,921.1275482064252,6302.949783150108,3553.563069297725,874.970950824917,225.9977529302109,2166.793596415048,972.6458699284104,108.2299638113933,1103.01872707557,850.8563569962447,1864.702165236973,528.1910103712731,1684.446981386688,219.6942457821186,488.693906
OG0002589.fa.orthosnap.0.fa,508.5018557405904,0.0,228.1829721252064,306.0618784519317,445.9673380067533,2378.260397374186,852.811818807137,204.549127473577,2088.8179661851345,0.0,164.5290513506924,4.733155867513981,1224.433850701409,378.2910646159351,507.278655412811,252.3761931121471,322.1953920069927,105.0387460371936,0.0
OG0002613.fa.orthosnap.0.fa,185.5739748747049,361.0452430590668,43.41177432259151,232.7751931823274,373.7358759962559,363.6421803300582,172.5205455183755,423.3207702847107,623.9044667825137,56.97824849570086,137.7591980345885,3.3193512996507364,237.0007607376118,65.4408951648471,209.7860581514629,219.986873294369,210.8318504568158,99.8977167999633,0.0
OG0002703.fa.orthosnap.0.fa,740.253358713951,1060.130024047064,206.3299813222448,1219.84468948801,1368.013246299607,853.0169050616398,2703.166266529975,218.3531594938481,493.5130486476332,825.5998297302165,787.1233129172392,272.0654869114496,407.1712166824402,11.03206137600111,1252.662891849953,129.3693321200458,194.4621838424825,153.061620482656,364.288678
OG0003014.fa.orthosnap.0.fa,33.25483570584869,9.569015067053192,0.077899982237553,23.80664671014272,34.23106371737483,10.69283413964801,27.4883080138917,51.51891960259182,4.398612411919644,43.95150863891572,5.251471188123324,0.0,0.2527877643430345,0.1683741780510521,218.8206644806774,2.91085085543776,37.40518601891217,0.4828001680910781,45.494314
OG0003030.fa.orthosnap.0.fa,152.1587945605511,566.9434337773907,110.176209702336,0.4054813037858354,542.406035390537,496.1358494773238,344.5867730359846,830.1942049566442,722.6703698235913,156.6431344456618,244.8442283816022,60.62654181955783,1039.712185700376,1.123192287204341,316.8505436771322,230.2180957222877,216.7830461712663,217.9912998388213,181.452138
OG0003031.fa.orthosnap.0.fa,282.7463282795722,381.025132240386,275.9234876468108,457.697925120958,0.4390534102580009,711.3570774946044,378.9273579663928,449.2829813243148,222.3649241954177,0.0,495.4714601786965,14.144545685785127,109.222290214989,39.38168687300915,28.12110100138306,250.6816122823348,187.7747652353094,211.7928874610476,526.168236
OG0003084.fa.orthosnap.0.fa,190.2158905699748,408.9515908728791,47.55539102576606,122.8805265214763,67.84687426503196,649.827041555887,168.1060199665252,377.2686766282988,207.8110165653294,98.61946930482812,148.4579425373402,21.765739746966265,134.877949619071,30.61812803134297,192.3208988284401,182.7168970349714,1.775600787003482,15.1450608740796,0.0
OG0003151.fa.orthosnap.0.fa,913.5257157051992,1306.949785280606,50.17438357501104,173.9378615722603,122.2034900942101,93.89720730153594,1212.6932262082,77.71874978271373,73.62180071149253,6213.159883898958,147.7715461558077,13.742611352211632,558.8012156350974,24249.32251418585,132.9904373508456,55.72956274138115,814.212252059564,11.42752911970372,262.272572
OG0003228.fa.orthosnap.0.fa,91.88034441186802,130.4815294402364,7.397701185736748,5.60824024318086,3.221265938525879,89.7785147241321,808.4656106313325,39.42964699540482,3.943579878828559,1032.130735419026,79.3501838198136,3.903232648978067,201.1001014691294,2539.320306978791,186.4720405577213,7.506070464302998,142.081905192608,21.59419862472308,17.66306
OG0003231.fa.orthosnap.0.fa,481.405927689415,673.3239568144954,17.85484936108953,244.3160856121901,313.1128007830661,1067.55547447967,850.5528252988232,15.71332780505872,189.98110426748516,238.060860151087,277.2545339510779,21.716913327899825,783.7410669753092,217.4177758616881,607.3621482608812,315.2746495106879,542.8034018782827,142.8480204485392,74.23259
OG0003342.fa.orthosnap.0.fa,167.0097593112708,191.8039695630831,60.50143128261927,140.8798001459003,21.33943422033874,285.6886927343467,752.8034439140176,83.12296272014842,41.08072803560973,100.7265412982423,126.9656928910645,11.03446370438147,295.7579392774343,14.80692920186251,130.3907904868909,131.4718023112905,152.1399416759967,78.29039807143636,119.201786
OG0003473.fa.orthosnap.0.fa,251.6854463314603,364.3320800066513,137.6201060563033,147.0216751056974,207.208593595798,623.3644314035374,181.3156427143489,395.6041990395287,46.34579111109636,57.52366478600652,146.1784155521817,14.11231348547211,207.6184798974632,111.9586258364621,184.4804114419914,195.1821813489031,149.7584882140165,509.1618480622294,30.886486
OG0003478.fa.orthosnap.0.fa,179.990831034862,244.6188675515896,118.9990937454166,122.2581931093717,156.9202620101654,719.8011540324851,176.0040008031428,51.49281575752453,516.4189460526982,67.95832486751253,149.1285597267205,30.247647399898447,122.9819815912063,4.763868516217931,12.17696161364546,240.7980967000684,92.62999028115144,218.0044615776795,163.120746
OG0003567.fa.orthosnap.0.fa,179.3561794917079,442.992699573118,331.1366608067618,76.24072215786433,99.17870474302588,228.140859241931,247.5341298335882,67.34334058733334,212.99028547593875,9.917660169717475,233.535081181192,8.310053660616658,442.4493681743269,19.45762710556388,44.36584927262185,115.3503020528707,122.7448655767844,394.1864914341714,75.760206
OG0003996.fa.orthosnap.0.fa,23.01666372358462,172.8418948141485,3.762046568090001,64.86639391191733,10.23643831180718,25.20279154529608,18.37022402812994,18.64571441163832,14.099889110929176,106.1666640425084,21.67712543067438,1.0879035392116283,155.2708007530544,30.49149541007916,328.5546089736115,1.350394726749479,53.21361759399084,2.226815377872942,61.15237800000001
OG0003997.fa.orthosnap.0.fa,1796.137444349157,482.560264334052,1.774061859636343,1.6586572940775,1.942494157984709,37.7717538506263,809.2896511966378,216.3542441914909,14.808704762880977,830.907422251906,205.9326915914065,0.0,11.40660795518414,190.1533263384721,203.5880996009691,7.777429629372775,31.91980904794282,20.77495331551657,13.414378
OG0005153.fa.orthosnap.0.fa,1879.043544024146,3847.135040355541,4999.751489833214,4919.301529454346,8743.501754793158,3545.121470949633,8348.584665066548,648.3873889398351,9743.605104213731,2402.485037920926,2893.674037200517,669.0075064165771,1734.610119866686,143.7735162826108,2654.057723501608,3090.678038213647,678.9466103497155,2897.588440568836,2349.568884
